,text,label_st1,num_rs_roberta,span_pred_roberta
0,I need to figure out the right amount of sentences in order to let the program run. ,enable,2,"['I need</ARG1> to figure out the right amount of <ARG0>sentences in <SIG0>order</SIG0> <ARG1>to let the program run.</ARG0> ', 'I need</ARG1> to figure out the right amount of <ARG0>sentences in <SIG0>order</SIG0> <ARG1>to let the program run.</ARG0> ']"
1,when I hit the ground I hurt myself. ,cause,2,"['<SIG0>when <ARG0>I hit</SIG0> the ground</ARG0> I <ARG1>hurt</ARG1> myself. ', '<SIG0>when <ARG0>I hit</SIG0> the ground</ARG0> I <ARG1>hurt</ARG1> myself. ']"
2,I was late because the strikes happend. ,cause,2,"['I was late</ARG1> <SIG0>because</SIG0> <ARG1><ARG0>the strikes happend.</ARG0> ', 'I was late</ARG1> <SIG0>because</SIG0> <ARG1><ARG0>the strikes happend.</ARG0> ']"
3,seeing this caused me to be sad. ,cause,2,"['<ARG0>seeing this</ARG0> <SIG0>caused</SIG0> me <ARG1>to be sad.</ARG1> ', '<ARG0>seeing this</ARG0> <SIG0>caused</SIG0> me <ARG1>to be sad.</ARG1> ']"
