,text,num_rs,pred_st2,triplet-rebel
0,I need to figure out the right amount of sentences in order to let the program run. ,2,"['I need</ARG1> to figure out the right amount of <ARG0>sentences in <SIG0>order</SIG0> <ARG1>to let the program run.</ARG0> ', 'I need</ARG1> to figure out the right amount of <ARG0>sentences in <SIG0>order</SIG0> <ARG1>to let the program run.</ARG0> ']", figure  let  cause
1,when I hit the ground I hurt myself. ,2,"['<SIG0>when <ARG0>I hit</SIG0> the ground</ARG0> I <ARG1>hurt</ARG1> myself. ', '<SIG0>when <ARG0>I hit</SIG0> the ground</ARG0> I <ARG1>hurt</ARG1> myself. ']", hit  hurt  cause
2,I was late because the strikes happened. ,2,"['I was late</ARG1> because <ARG1><ARG0>the strikes <SIG0>happened.</ARG0></SIG0> ', 'I was late</ARG1> because <ARG1><ARG0>the strikes <SIG0>happened.</ARG0></SIG0> ']", happened  late  cause
3,seeing this caused me to be sad. ,2,"['<ARG0>seeing this</ARG0> <SIG0>caused</SIG0> me <ARG1>to be sad.</ARG1> ', '<ARG0>seeing this</ARG0> <SIG0>caused</SIG0> me <ARG1>to be sad.</ARG1> ']", Seeing  be  cause
